condition,category,count,demo,synthetic,scientific_result,disclaimer
-FLAIR,confident_failure,0,true,true,false,Synthetic demonstration only — not a BraTS scientific result.
-FLAIR,hallucinated_ET,4,true,true,false,Synthetic demonstration only — not a BraTS scientific result.
-FLAIR,missed_ET,0,true,true,false,Synthetic demonstration only — not a BraTS scientific result.
-FLAIR,false_negative_WT,0,true,true,false,Synthetic demonstration only — not a BraTS scientific result.
-FLAIR,false_positive_WT,0,true,true,false,Synthetic demonstration only — not a BraTS scientific result.
-FLAIR,false_negative_TC,0,true,true,false,Synthetic demonstration only — not a BraTS scientific result.
-FLAIR,false_positive_TC,0,true,true,false,Synthetic demonstration only — not a BraTS scientific result.
-T1,confident_failure,0,true,true,false,Synthetic demonstration only — not a BraTS scientific result.
-T1,hallucinated_ET,4,true,true,false,Synthetic demonstration only — not a BraTS scientific result.
-T1,missed_ET,0,true,true,false,Synthetic demonstration only — not a BraTS scientific result.
-T1,false_negative_WT,0,true,true,false,Synthetic demonstration only — not a BraTS scientific result.
-T1,false_positive_WT,0,true,true,false,Synthetic demonstration only — not a BraTS scientific result.
-T1,false_negative_TC,0,true,true,false,Synthetic demonstration only — not a BraTS scientific result.
-T1,false_positive_TC,0,true,true,false,Synthetic demonstration only — not a BraTS scientific result.
-T1c,confident_failure,0,true,true,false,Synthetic demonstration only — not a BraTS scientific result.
-T1c,hallucinated_ET,4,true,true,false,Synthetic demonstration only — not a BraTS scientific result.
-T1c,missed_ET,0,true,true,false,Synthetic demonstration only — not a BraTS scientific result.
-T1c,false_negative_WT,0,true,true,false,Synthetic demonstration only — not a BraTS scientific result.
-T1c,false_positive_WT,0,true,true,false,Synthetic demonstration only — not a BraTS scientific result.
-T1c,false_negative_TC,0,true,true,false,Synthetic demonstration only — not a BraTS scientific result.
-T1c,false_positive_TC,0,true,true,false,Synthetic demonstration only — not a BraTS scientific result.
-T2,confident_failure,0,true,true,false,Synthetic demonstration only — not a BraTS scientific result.
-T2,hallucinated_ET,4,true,true,false,Synthetic demonstration only — not a BraTS scientific result.
-T2,missed_ET,0,true,true,false,Synthetic demonstration only — not a BraTS scientific result.
-T2,false_negative_WT,0,true,true,false,Synthetic demonstration only — not a BraTS scientific result.
-T2,false_positive_WT,0,true,true,false,Synthetic demonstration only — not a BraTS scientific result.
-T2,false_negative_TC,0,true,true,false,Synthetic demonstration only — not a BraTS scientific result.
-T2,false_positive_TC,0,true,true,false,Synthetic demonstration only — not a BraTS scientific result.
Full,confident_failure,0,true,true,false,Synthetic demonstration only — not a BraTS scientific result.
Full,hallucinated_ET,4,true,true,false,Synthetic demonstration only — not a BraTS scientific result.
Full,missed_ET,0,true,true,false,Synthetic demonstration only — not a BraTS scientific result.
Full,false_negative_WT,0,true,true,false,Synthetic demonstration only — not a BraTS scientific result.
Full,false_positive_WT,0,true,true,false,Synthetic demonstration only — not a BraTS scientific result.
Full,false_negative_TC,0,true,true,false,Synthetic demonstration only — not a BraTS scientific result.
Full,false_positive_TC,0,true,true,false,Synthetic demonstration only — not a BraTS scientific result.
